,population,median_income,<1H OCEAN,INLAND,ISLAND,NEAR BAY,NEAR OCEAN,median_house_value
count,6496.0,6496.0,6496.0,6496.0,6496.0,6496.0,6496.0,6496.0
mean,1392.4114839901479,3.210358713054187,0.0,1.0,0.0,0.0,0.0,124896.86314655172
std,1171.2411958652933,1.4371153437227946,0.0,0.0,0.0,0.0,0.0,70057.95503727486
min,5.0,0.4999,0.0,1.0,0.0,0.0,0.0,14999.0
25%,722.0,2.18995,0.0,1.0,0.0,0.0,0.0,77600.0
50%,1124.5,2.9898,0.0,1.0,0.0,0.0,0.0,108700.0
75%,1687.0,3.9688,0.0,1.0,0.0,0.0,0.0,149000.0
max,16305.0,15.0001,0.0,1.0,0.0,0.0,0.0,500001.0
