,population,median_income,<1H OCEAN,INLAND,ISLAND,NEAR BAY,NEAR OCEAN,median_house_value
count,5.0,5.0,5.0,5.0,5.0,5.0,5.0,5.0
mean,668.0,2.7444200000000003,0.0,0.0,1.0,0.0,0.0,380440.0
std,301.6910671531393,0.4441803766489465,0.0,0.0,0.0,0.0,0.0,80559.56181608736
min,341.0,2.1579,0.0,0.0,1.0,0.0,0.0,287500.0
25%,422.0,2.6042,0.0,0.0,1.0,0.0,0.0,300000.0
50%,733.0,2.7361,0.0,0.0,1.0,0.0,0.0,414700.0
75%,744.0,2.8333,0.0,0.0,1.0,0.0,0.0,450000.0
max,1100.0,3.3906,0.0,0.0,1.0,0.0,0.0,450000.0
