,population,median_income,<1H OCEAN,INLAND,ISLAND,NEAR BAY,NEAR OCEAN,median_house_value
count,2628.0,2628.0,2628.0,2628.0,2628.0,2628.0,2628.0,2628.0
mean,1355.6373668188737,4.006374467275495,0.0,0.0,0.0,0.0,1.0,249042.35502283106
std,1008.1264118931317,2.016156773036012,0.0,0.0,0.0,0.0,0.0,122548.0108890553
min,8.0,0.536,0.0,0.0,0.0,0.0,1.0,22500.0
25%,779.5,2.62395,0.0,0.0,0.0,0.0,1.0,150000.0
50%,1137.5,3.6483,0.0,0.0,0.0,0.0,1.0,228750.0
75%,1628.5,4.838775,0.0,0.0,0.0,0.0,1.0,322525.0
max,12873.0,15.0001,0.0,0.0,0.0,0.0,1.0,500001.0
