,population,median_income,<1H OCEAN,INLAND,ISLAND,NEAR BAY,NEAR OCEAN,median_house_value
count,9034.0,9034.0,9034.0,9034.0,9034.0,9034.0,9034.0,9034.0
mean,1518.4404471994687,4.231100520256808,1.0,0.0,0.0,0.0,0.0,240267.99081248615
std,1186.9807329181451,1.998300467330021,0.0,0.0,0.0,0.0,0.0,106198.3249802286
min,3.0,0.4999,1.0,0.0,0.0,0.0,0.0,17500.0
25%,857.0,2.8651,1.0,0.0,0.0,0.0,0.0,164300.0
50%,1246.0,3.879,1.0,0.0,0.0,0.0,0.0,215000.0
75%,1844.0,5.181175,1.0,0.0,0.0,0.0,0.0,289475.0
max,35682.0,15.0001,1.0,0.0,0.0,0.0,0.0,500001.0
