,population,median_income,<1H OCEAN,INLAND,ISLAND,NEAR BAY,NEAR OCEAN,median_house_value
count,754.0,754.0,754.0,754.0,754.0,754.0,754.0,754.0
mean,1215.2228116710876,4.154038594164456,0.0,0.0,0.0,1.0,0.0,229526.37931034484
std,819.1633850974107,1.9645029704175632,0.0,0.0,0.0,0.0,0.0,134049.82357221408
min,23.0,0.7403,0.0,0.0,0.0,1.0,0.0,42100.0
25%,742.75,2.9064750000000004,0.0,0.0,0.0,1.0,0.0,122725.0
50%,1053.5,3.8556,0.0,0.0,0.0,1.0,0.0,190800.0
75%,1514.25,5.01385,0.0,0.0,0.0,1.0,0.0,309825.0
max,8117.0,15.0001,0.0,0.0,0.0,1.0,0.0,500001.0
