,population,median_income,<1H OCEAN,INLAND,ISLAND,NEAR BAY,NEAR OCEAN,median_house_value
count,2165.0,2165.0,2165.0,2165.0,2165.0,2165.0,2165.0,2165.0
mean,1413.5713625866051,3.185271778290993,0.0,1.0,0.0,0.0,0.0,219127.80692840647
std,1208.3488448240653,1.4112230119958773,0.0,0.0,0.0,0.0,0.0,114124.53274370579
min,5.0,0.4999,0.0,1.0,0.0,0.0,0.0,26600.0
25%,729.0,2.1875,0.0,1.0,0.0,0.0,0.0,144200.0
50%,1149.0,2.9708,0.0,1.0,0.0,0.0,0.0,191100.0
75%,1710.0,3.9125,0.0,1.0,0.0,0.0,0.0,275000.0
max,11139.0,15.0001,0.0,1.0,0.0,0.0,0.0,500001.0
