,population,median_income,<1H OCEAN,INLAND,ISLAND,NEAR BAY,NEAR OCEAN,median_house_value
count,3014.0,3014.0,3014.0,3014.0,3014.0,3014.0,3014.0,3014.0
mean,1506.048108825481,4.255965593895156,1.0,0.0,0.0,0.0,0.0,168829.81254147313
std,1082.9926270342262,2.030227064418479,0.0,0.0,0.0,0.0,0.0,103580.21103107955
min,17.0,0.536,1.0,0.0,0.0,0.0,0.0,14999.0
25%,851.0,2.864675,1.0,0.0,0.0,0.0,0.0,88800.0
50%,1227.0,3.9095,1.0,0.0,0.0,0.0,0.0,145850.0
75%,1854.25,5.216025,1.0,0.0,0.0,0.0,0.0,220800.0
max,16122.0,15.0001,1.0,0.0,0.0,0.0,0.0,500001.0
