,population,median_income,<1H OCEAN,INLAND,ISLAND,NEAR BAY,NEAR OCEAN,median_house_value
count,878.0,878.0,878.0,878.0,878.0,878.0,878.0,878.0
mean,1332.0,4.009483257403189,0.0,0.0,0.0011389521640091116,0.0,0.9988610478359908,212253.12528473805
std,1016.8453373728131,2.0218479209878915,0.0,0.0,0.03374836535314135,0.0,0.03374836535314135,123835.35556947117
min,11.0,0.536,0.0,0.0,0.0,0.0,0.0,32500.0
25%,772.25,2.611375,0.0,0.0,0.0,0.0,1.0,114900.0
50%,1127.0,3.6632,0.0,0.0,0.0,0.0,1.0,178650.0
75%,1618.25,4.9033,0.0,0.0,0.0,0.0,1.0,282600.0
max,12873.0,15.0001,0.0,0.0,1.0,0.0,1.0,500001.0
