,population,median_income,<1H OCEAN,INLAND,ISLAND,NEAR BAY,NEAR OCEAN,median_house_value
count,1319.0,1319.0,1319.0,1319.0,1319.0,1319.0,1319.0,1319.0
mean,1396.461713419257,4.01737680060652,0.0,0.0,0.0,0.0,1.0,248260.50492797574
std,1057.918194992554,2.04880819927411,0.0,0.0,0.0,0.0,0.0,123269.76346620837
min,29.0,0.6433,0.0,0.0,0.0,0.0,1.0,22500.0
25%,788.0,2.62915,0.0,0.0,0.0,0.0,1.0,147600.0
50%,1151.0,3.6371,0.0,0.0,0.0,0.0,1.0,229100.0
75%,1660.0,4.85275,0.0,0.0,0.0,0.0,1.0,322150.0
max,12873.0,15.0001,0.0,0.0,0.0,0.0,1.0,500001.0
