,population,median_income,<1H OCEAN,INLAND,ISLAND,NEAR BAY,NEAR OCEAN,median_house_value
count,1136.0,1136.0,1136.0,1136.0,1136.0,1136.0,1136.0,1136.0
mean,1222.125,4.189596038732395,0.0,0.0,0.0,1.0,0.0,258318.83626760563
std,853.5954691127805,2.0210363707439205,0.0,0.0,0.0,0.0,0.0,122097.17131245017
min,13.0,0.7403,0.0,0.0,0.0,1.0,0.0,22500.0
25%,719.0,2.84435,0.0,0.0,0.0,1.0,0.0,162500.0
50%,1027.0,3.8368,0.0,0.0,0.0,1.0,0.0,231650.0
75%,1504.5,5.08125,0.0,0.0,0.0,1.0,0.0,341725.0
max,8117.0,15.0001,0.0,0.0,0.0,1.0,0.0,500001.0
