,population,median_income,<1H OCEAN,INLAND,ISLAND,NEAR BAY,NEAR OCEAN,median_house_value
count,4518.0,4518.0,4518.0,4518.0,4518.0,4518.0,4518.0,4518.0
mean,1511.6082337317398,4.228481407702524,1.0,0.0,0.0,0.0,0.0,240504.1084550686
std,1252.5583576650579,1.987749316762906,0.0,0.0,0.0,0.0,0.0,106040.13823538937
min,14.0,0.4999,1.0,0.0,0.0,0.0,0.0,36700.0
25%,855.0,2.86265,1.0,0.0,0.0,0.0,0.0,164100.0
50%,1250.5,3.89245,1.0,0.0,0.0,0.0,0.0,216500.0
75%,1837.0,5.1782,1.0,0.0,0.0,0.0,0.0,290675.0
max,35682.0,15.0001,1.0,0.0,0.0,0.0,0.0,500001.0
