,population,median_income,<1H OCEAN,INLAND,ISLAND,NEAR BAY,NEAR OCEAN,median_house_value
count,3242.0,3242.0,3242.0,3242.0,3242.0,3242.0,3242.0,3242.0
mean,1389.1545342381246,3.2144178285009253,0.0,1.0,0.0,0.0,0.0,124939.82449105491
std,1136.8367557340903,1.4512661696948228,0.0,0.0,0.0,0.0,0.0,70276.78937230425
min,6.0,0.4999,0.0,1.0,0.0,0.0,0.0,14999.0
25%,731.25,2.192825,0.0,1.0,0.0,0.0,0.0,78000.0
50%,1135.0,2.9909999999999997,0.0,1.0,0.0,0.0,0.0,108500.0
75%,1696.0,3.9730999999999996,0.0,1.0,0.0,0.0,0.0,149075.0
max,16305.0,15.0001,0.0,1.0,0.0,0.0,0.0,500001.0
