,population,median_income,<1H OCEAN,INLAND,ISLAND,NEAR BAY,NEAR OCEAN,median_house_value
count,2.0,2.0,2.0,2.0,2.0,2.0,2.0,2.0
mean,720.5,2.7847,0.0,0.0,1.0,0.0,0.0,432350.0
std,536.6940469205896,0.06873077913133238,0.0,0.0,0.0,0.0,0.0,24960.869375885126
min,341.0,2.7361,0.0,0.0,1.0,0.0,0.0,414700.0
25%,530.75,2.7603999999999997,0.0,0.0,1.0,0.0,0.0,423525.0
50%,720.5,2.7847,0.0,0.0,1.0,0.0,0.0,432350.0
75%,910.25,2.809,0.0,0.0,1.0,0.0,0.0,441175.0
max,1100.0,2.8333,0.0,0.0,1.0,0.0,0.0,450000.0
